engine,config,benchmark,scaling,scenario,run_id,run_date,hostname,n_dim,particles,rho,dt,steps,block_x,block_y,block_z,cell_config,layout,executor,ordering,threads,steps_processed,particles_processed,wall_time_total_s,integration_time_s,throughput_it_s,performance_mups,avg_step_time_s,median_step_time_s,min_step_time_s,max_step_time_s,stddev_step_time_s,wall_time_process_s,exit_status,result_dir
april,native,argon_block,strong,strong_n100_p1000000_rho0.8442_dt0.0000001_steps500_b2x2x2_C08_SoA_OmpExecutor_hilbert_t1,20260630_011912_strong_rep1,2026-06-30T01:19:13+02:00,cm4r15c06s04,100,1000000,0.8442,1e-07,500,2,2,2,C08,SoA,OmpExecutor,hilbert,1,500,500000000,108.06486,108.06475,4.63,4.63,0.21613,0.216644,0.213671,0.220611,0.000928,120.220247,0,results\april\native\argon_block\strong_n100_p1000000_rho0.8442_dt0.0000001_steps500_b2x2x2_C08_SoA_OmpExecutor_hilbert_t1\20260630_011912_strong_rep1
april,native,argon_block,strong,strong_n100_p1000000_rho0.8442_dt0.0000001_steps500_b2x2x2_C08_SoA_OmpExecutor_hilbert_t1,20260630_011912_strong_rep2,2026-06-30T01:25:06+02:00,cm4r15c06s04,100,1000000,0.8442,1e-07,500,2,2,2,C08,SoA,OmpExecutor,hilbert,1,500,500000000,107.49261,107.49244,4.65,4.65,0.214985,0.21544,0.213256,0.220515,0.001111,119.672565,0,results\april\native\argon_block\strong_n100_p1000000_rho0.8442_dt0.0000001_steps500_b2x2x2_C08_SoA_OmpExecutor_hilbert_t1\20260630_011912_strong_rep2
april,native,argon_block,strong,strong_n100_p1000000_rho0.8442_dt0.0000001_steps500_b2x2x2_C08_SoA_OmpExecutor_hilbert_t1,20260630_011912_strong_rep3,2026-06-30T01:30:59+02:00,cm4r15c06s04,100,1000000,0.8442,1e-07,500,2,2,2,C08,SoA,OmpExecutor,hilbert,1,500,500000000,107.1902,107.19004,4.66,4.66,0.21438,0.214437,0.212476,0.220168,0.000627,119.243013,0,results\april\native\argon_block\strong_n100_p1000000_rho0.8442_dt0.0000001_steps500_b2x2x2_C08_SoA_OmpExecutor_hilbert_t1\20260630_011912_strong_rep3
april,native,argon_block,strong,strong_n100_p1000000_rho0.8442_dt0.0000001_steps500_b2x2x2_C08_SoA_OmpExecutor_hilbert_t11,20260630_011912_strong_rep1,2026-06-30T01:24:07+02:00,cm4r15c06s04,100,1000000,0.8442,1e-07,500,2,2,2,C08,SoA,OmpExecutor,hilbert,11,500,500000000,11.06769,11.06753,45.18,45.18,0.022135,0.02209,0.022005,0.030238,0.000422,13.010077,0,results\april\native\argon_block\strong_n100_p1000000_rho0.8442_dt0.0000001_steps500_b2x2x2_C08_SoA_OmpExecutor_hilbert_t11\20260630_011912_strong_rep1
april,native,argon_block,strong,strong_n100_p1000000_rho0.8442_dt0.0000001_steps500_b2x2x2_C08_SoA_OmpExecutor_hilbert_t11,20260630_011912_strong_rep2,2026-06-30T01:30:00+02:00,cm4r15c06s04,100,1000000,0.8442,1e-07,500,2,2,2,C08,SoA,OmpExecutor,hilbert,11,500,500000000,11.08347,11.08333,45.11,45.11,0.022167,0.022136,0.022027,0.030803,0.000448,13.041377,0,results\april\native\argon_block\strong_n100_p1000000_rho0.8442_dt0.0000001_steps500_b2x2x2_C08_SoA_OmpExecutor_hilbert_t11\20260630_011912_strong_rep2
april,native,argon_block,strong,strong_n100_p1000000_rho0.8442_dt0.0000001_steps500_b2x2x2_C08_SoA_OmpExecutor_hilbert_t11,20260630_011912_strong_rep3,2026-06-30T01:35:53+02:00,cm4r15c06s04,100,1000000,0.8442,1e-07,500,2,2,2,C08,SoA,OmpExecutor,hilbert,11,500,500000000,11.29699,11.29689,44.26,44.26,0.022594,0.022517,0.022452,0.030447,0.00043,13.287058,0,results\april\native\argon_block\strong_n100_p1000000_rho0.8442_dt0.0000001_steps500_b2x2x2_C08_SoA_OmpExecutor_hilbert_t11\20260630_011912_strong_rep3
april,native,argon_block,strong,strong_n100_p1000000_rho0.8442_dt0.0000001_steps500_b2x2x2_C08_SoA_OmpExecutor_hilbert_t16,20260630_011912_strong_rep1,2026-06-30T01:24:20+02:00,cm4r15c06s04,100,1000000,0.8442,1e-07,500,2,2,2,C08,SoA,OmpExecutor,hilbert,16,500,500000000,8.15838,8.15825,61.29,61.29,0.016316,0.016288,0.016222,0.024551,0.000409,9.796405,0,results\april\native\argon_block\strong_n100_p1000000_rho0.8442_dt0.0000001_steps500_b2x2x2_C08_SoA_OmpExecutor_hilbert_t16\20260630_011912_strong_rep1
april,native,argon_block,strong,strong_n100_p1000000_rho0.8442_dt0.0000001_steps500_b2x2x2_C08_SoA_OmpExecutor_hilbert_t16,20260630_011912_strong_rep2,2026-06-30T01:30:13+02:00,cm4r15c06s04,100,1000000,0.8442,1e-07,500,2,2,2,C08,SoA,OmpExecutor,hilbert,16,500,500000000,8.1387,8.13861,61.44,61.44,0.016277,0.016265,0.016212,0.018374,0.000133,9.691378,0,results\april\native\argon_block\strong_n100_p1000000_rho0.8442_dt0.0000001_steps500_b2x2x2_C08_SoA_OmpExecutor_hilbert_t16\20260630_011912_strong_rep2
april,native,argon_block,strong,strong_n100_p1000000_rho0.8442_dt0.0000001_steps500_b2x2x2_C08_SoA_OmpExecutor_hilbert_t16,20260630_011912_strong_rep3,2026-06-30T01:36:06+02:00,cm4r15c06s04,100,1000000,0.8442,1e-07,500,2,2,2,C08,SoA,OmpExecutor,hilbert,16,500,500000000,8.15452,8.15441,61.32,61.32,0.016309,0.016299,0.016204,0.021887,0.000304,9.785195,0,results\april\native\argon_block\strong_n100_p1000000_rho0.8442_dt0.0000001_steps500_b2x2x2_C08_SoA_OmpExecutor_hilbert_t16\20260630_011912_strong_rep3
april,native,argon_block,strong,strong_n100_p1000000_rho0.8442_dt0.0000001_steps500_b2x2x2_C08_SoA_OmpExecutor_hilbert_t2,20260630_011912_strong_rep1,2026-06-30T01:21:13+02:00,cm4r15c06s04,100,1000000,0.8442,1e-07,500,2,2,2,C08,SoA,OmpExecutor,hilbert,2,500,500000000,54.78201,54.78188,9.13,9.13,0.109564,0.109459,0.108981,0.112466,0.000389,61.364917,0,results\april\native\argon_block\strong_n100_p1000000_rho0.8442_dt0.0000001_steps500_b2x2x2_C08_SoA_OmpExecutor_hilbert_t2\20260630_011912_strong_rep1
april,native,argon_block,strong,strong_n100_p1000000_rho0.8442_dt0.0000001_steps500_b2x2x2_C08_SoA_OmpExecutor_hilbert_t2,20260630_011912_strong_rep2,2026-06-30T01:27:06+02:00,cm4r15c06s04,100,1000000,0.8442,1e-07,500,2,2,2,C08,SoA,OmpExecutor,hilbert,2,500,500000000,54.36202,54.36188,9.2,9.2,0.108724,0.1086,0.108252,0.111455,0.000394,60.913681,0,results\april\native\argon_block\strong_n100_p1000000_rho0.8442_dt0.0000001_steps500_b2x2x2_C08_SoA_OmpExecutor_hilbert_t2\20260630_011912_strong_rep2
april,native,argon_block,strong,strong_n100_p1000000_rho0.8442_dt0.0000001_steps500_b2x2x2_C08_SoA_OmpExecutor_hilbert_t2,20260630_011912_strong_rep3,2026-06-30T01:32:59+02:00,cm4r15c06s04,100,1000000,0.8442,1e-07,500,2,2,2,C08,SoA,OmpExecutor,hilbert,2,500,500000000,54.41663,54.41652,9.19,9.19,0.108833,0.108696,0.108328,0.111648,0.000392,60.950028,0,results\april\native\argon_block\strong_n100_p1000000_rho0.8442_dt0.0000001_steps500_b2x2x2_C08_SoA_OmpExecutor_hilbert_t2\20260630_011912_strong_rep3
april,native,argon_block,strong,strong_n100_p1000000_rho0.8442_dt0.0000001_steps500_b2x2x2_C08_SoA_OmpExecutor_hilbert_t23,20260630_011912_strong_rep1,2026-06-30T01:24:30+02:00,cm4r15c06s04,100,1000000,0.8442,1e-07,500,2,2,2,C08,SoA,OmpExecutor,hilbert,23,500,500000000,6.28005,6.27996,79.62,79.62,0.01256,0.012541,0.01249,0.020317,0.000351,7.710632,0,results\april\native\argon_block\strong_n100_p1000000_rho0.8442_dt0.0000001_steps500_b2x2x2_C08_SoA_OmpExecutor_hilbert_t23\20260630_011912_strong_rep1
april,native,argon_block,strong,strong_n100_p1000000_rho0.8442_dt0.0000001_steps500_b2x2x2_C08_SoA_OmpExecutor_hilbert_t23,20260630_011912_strong_rep2,2026-06-30T01:30:23+02:00,cm4r15c06s04,100,1000000,0.8442,1e-07,500,2,2,2,C08,SoA,OmpExecutor,hilbert,23,500,500000000,6.25895,6.25886,79.89,79.89,0.012518,0.012501,0.012447,0.019916,0.000333,7.685878,0,results\april\native\argon_block\strong_n100_p1000000_rho0.8442_dt0.0000001_steps500_b2x2x2_C08_SoA_OmpExecutor_hilbert_t23\20260630_011912_strong_rep2
april,native,argon_block,strong,strong_n100_p1000000_rho0.8442_dt0.0000001_steps500_b2x2x2_C08_SoA_OmpExecutor_hilbert_t23,20260630_011912_strong_rep3,2026-06-30T01:36:16+02:00,cm4r15c06s04,100,1000000,0.8442,1e-07,500,2,2,2,C08,SoA,OmpExecutor,hilbert,23,500,500000000,6.27643,6.27635,79.66,79.66,0.012553,0.012536,0.012469,0.020285,0.000347,7.713624,0,results\april\native\argon_block\strong_n100_p1000000_rho0.8442_dt0.0000001_steps500_b2x2x2_C08_SoA_OmpExecutor_hilbert_t23\20260630_011912_strong_rep3
april,native,argon_block,strong,strong_n100_p1000000_rho0.8442_dt0.0000001_steps500_b2x2x2_C08_SoA_OmpExecutor_hilbert_t3,20260630_011912_strong_rep1,2026-06-30T01:22:14+02:00,cm4r15c06s04,100,1000000,0.8442,1e-07,500,2,2,2,C08,SoA,OmpExecutor,hilbert,3,500,500000000,36.6942,36.6941,13.63,13.63,0.073388,0.073366,0.072995,0.075201,0.000241,41.410037,0,results\april\native\argon_block\strong_n100_p1000000_rho0.8442_dt0.0000001_steps500_b2x2x2_C08_SoA_OmpExecutor_hilbert_t3\20260630_011912_strong_rep1
april,native,argon_block,strong,strong_n100_p1000000_rho0.8442_dt0.0000001_steps500_b2x2x2_C08_SoA_OmpExecutor_hilbert_t3,20260630_011912_strong_rep2,2026-06-30T01:28:07+02:00,cm4r15c06s04,100,1000000,0.8442,1e-07,500,2,2,2,C08,SoA,OmpExecutor,hilbert,3,500,500000000,36.85889,36.8588,13.57,13.57,0.073718,0.073668,0.073535,0.076559,0.000225,41.551928,0,results\april\native\argon_block\strong_n100_p1000000_rho0.8442_dt0.0000001_steps500_b2x2x2_C08_SoA_OmpExecutor_hilbert_t3\20260630_011912_strong_rep2
april,native,argon_block,strong,strong_n100_p1000000_rho0.8442_dt0.0000001_steps500_b2x2x2_C08_SoA_OmpExecutor_hilbert_t3,20260630_011912_strong_rep3,2026-06-30T01:34:00+02:00,cm4r15c06s04,100,1000000,0.8442,1e-07,500,2,2,2,C08,SoA,OmpExecutor,hilbert,3,500,500000000,36.79513,36.79503,13.59,13.59,0.07359,0.073557,0.07339,0.075919,0.000218,41.515801,0,results\april\native\argon_block\strong_n100_p1000000_rho0.8442_dt0.0000001_steps500_b2x2x2_C08_SoA_OmpExecutor_hilbert_t3\20260630_011912_strong_rep3
april,native,argon_block,strong,strong_n100_p1000000_rho0.8442_dt0.0000001_steps500_b2x2x2_C08_SoA_OmpExecutor_hilbert_t32,20260630_011912_strong_rep1,2026-06-30T01:24:38+02:00,cm4r15c06s04,100,1000000,0.8442,1e-07,500,2,2,2,C08,SoA,OmpExecutor,hilbert,32,500,500000000,4.95764,4.95755,100.86,100.86,0.009915,0.009899,0.009854,0.010181,4.9e-05,6.218871,0,results\april\native\argon_block\strong_n100_p1000000_rho0.8442_dt0.0000001_steps500_b2x2x2_C08_SoA_OmpExecutor_hilbert_t32\20260630_011912_strong_rep1
april,native,argon_block,strong,strong_n100_p1000000_rho0.8442_dt0.0000001_steps500_b2x2x2_C08_SoA_OmpExecutor_hilbert_t32,20260630_011912_strong_rep2,2026-06-30T01:30:31+02:00,cm4r15c06s04,100,1000000,0.8442,1e-07,500,2,2,2,C08,SoA,OmpExecutor,hilbert,32,500,500000000,4.97863,4.97847,100.43,100.43,0.009957,0.009943,0.0099,0.010231,4.6e-05,6.244488,0,results\april\native\argon_block\strong_n100_p1000000_rho0.8442_dt0.0000001_steps500_b2x2x2_C08_SoA_OmpExecutor_hilbert_t32\20260630_011912_strong_rep2
april,native,argon_block,strong,strong_n100_p1000000_rho0.8442_dt0.0000001_steps500_b2x2x2_C08_SoA_OmpExecutor_hilbert_t32,20260630_011912_strong_rep3,2026-06-30T01:36:24+02:00,cm4r15c06s04,100,1000000,0.8442,1e-07,500,2,2,2,C08,SoA,OmpExecutor,hilbert,32,500,500000000,5.00523,5.00515,99.9,99.9,0.01001,0.010001,0.009948,0.010263,4.1e-05,6.278872,0,results\april\native\argon_block\strong_n100_p1000000_rho0.8442_dt0.0000001_steps500_b2x2x2_C08_SoA_OmpExecutor_hilbert_t32\20260630_011912_strong_rep3
april,native,argon_block,strong,strong_n100_p1000000_rho0.8442_dt0.0000001_steps500_b2x2x2_C08_SoA_OmpExecutor_hilbert_t37,20260630_011912_strong_rep1,2026-06-30T01:24:44+02:00,cm4r15c06s04,100,1000000,0.8442,1e-07,500,2,2,2,C08,SoA,OmpExecutor,hilbert,37,500,500000000,4.62009,4.61998,108.23,108.23,0.00924,0.009209,0.009045,0.009649,0.000146,5.847094,0,results\april\native\argon_block\strong_n100_p1000000_rho0.8442_dt0.0000001_steps500_b2x2x2_C08_SoA_OmpExecutor_hilbert_t37\20260630_011912_strong_rep1
april,native,argon_block,strong,strong_n100_p1000000_rho0.8442_dt0.0000001_steps500_b2x2x2_C08_SoA_OmpExecutor_hilbert_t37,20260630_011912_strong_rep2,2026-06-30T01:30:37+02:00,cm4r15c06s04,100,1000000,0.8442,1e-07,500,2,2,2,C08,SoA,OmpExecutor,hilbert,37,500,500000000,4.61132,4.61123,108.43,108.43,0.009222,0.009204,0.009046,0.009639,0.000142,5.84107,0,results\april\native\argon_block\strong_n100_p1000000_rho0.8442_dt0.0000001_steps500_b2x2x2_C08_SoA_OmpExecutor_hilbert_t37\20260630_011912_strong_rep2
april,native,argon_block,strong,strong_n100_p1000000_rho0.8442_dt0.0000001_steps500_b2x2x2_C08_SoA_OmpExecutor_hilbert_t37,20260630_011912_strong_rep3,2026-06-30T01:36:30+02:00,cm4r15c06s04,100,1000000,0.8442,1e-07,500,2,2,2,C08,SoA,OmpExecutor,hilbert,37,500,500000000,4.60062,4.6005,108.68,108.68,0.009201,0.009162,0.009026,0.009602,0.000148,9.207638,0,results\april\native\argon_block\strong_n100_p1000000_rho0.8442_dt0.0000001_steps500_b2x2x2_C08_SoA_OmpExecutor_hilbert_t37\20260630_011912_strong_rep3
april,native,argon_block,strong,strong_n100_p1000000_rho0.8442_dt0.0000001_steps500_b2x2x2_C08_SoA_OmpExecutor_hilbert_t4,20260630_011912_strong_rep1,2026-06-30T01:22:56+02:00,cm4r15c06s04,100,1000000,0.8442,1e-07,500,2,2,2,C08,SoA,OmpExecutor,hilbert,4,500,500000000,28.00617,28.00603,17.85,17.85,0.056012,0.055984,0.055775,0.060444,0.000249,31.795882,0,results\april\native\argon_block\strong_n100_p1000000_rho0.8442_dt0.0000001_steps500_b2x2x2_C08_SoA_OmpExecutor_hilbert_t4\20260630_011912_strong_rep1
april,native,argon_block,strong,strong_n100_p1000000_rho0.8442_dt0.0000001_steps500_b2x2x2_C08_SoA_OmpExecutor_hilbert_t4,20260630_011912_strong_rep2,2026-06-30T01:28:49+02:00,cm4r15c06s04,100,1000000,0.8442,1e-07,500,2,2,2,C08,SoA,OmpExecutor,hilbert,4,500,500000000,28.0424,28.04228,17.83,17.83,0.056085,0.055999,0.055819,0.06086,0.000306,31.813433,0,results\april\native\argon_block\strong_n100_p1000000_rho0.8442_dt0.0000001_steps500_b2x2x2_C08_SoA_OmpExecutor_hilbert_t4\20260630_011912_strong_rep2
april,native,argon_block,strong,strong_n100_p1000000_rho0.8442_dt0.0000001_steps500_b2x2x2_C08_SoA_OmpExecutor_hilbert_t4,20260630_011912_strong_rep3,2026-06-30T01:34:41+02:00,cm4r15c06s04,100,1000000,0.8442,1e-07,500,2,2,2,C08,SoA,OmpExecutor,hilbert,4,500,500000000,28.01209,28.01196,17.85,17.85,0.056024,0.055967,0.055777,0.061529,0.000306,31.795763,0,results\april\native\argon_block\strong_n100_p1000000_rho0.8442_dt0.0000001_steps500_b2x2x2_C08_SoA_OmpExecutor_hilbert_t4\20260630_011912_strong_rep3
april,native,argon_block,strong,strong_n100_p1000000_rho0.8442_dt0.0000001_steps500_b2x2x2_C08_SoA_OmpExecutor_hilbert_t45,20260630_011912_strong_rep1,2026-06-30T01:24:50+02:00,cm4r15c06s04,100,1000000,0.8442,1e-07,500,2,2,2,C08,SoA,OmpExecutor,hilbert,45,500,500000000,4.24971,4.24959,117.66,117.66,0.008499,0.008287,0.008045,0.009594,0.000391,5.432486,0,results\april\native\argon_block\strong_n100_p1000000_rho0.8442_dt0.0000001_steps500_b2x2x2_C08_SoA_OmpExecutor_hilbert_t45\20260630_011912_strong_rep1
april,native,argon_block,strong,strong_n100_p1000000_rho0.8442_dt0.0000001_steps500_b2x2x2_C08_SoA_OmpExecutor_hilbert_t45,20260630_011912_strong_rep2,2026-06-30T01:30:43+02:00,cm4r15c06s04,100,1000000,0.8442,1e-07,500,2,2,2,C08,SoA,OmpExecutor,hilbert,45,500,500000000,4.29049,4.29041,116.54,116.54,0.008581,0.008388,0.008188,0.009289,0.000319,5.474884,0,results\april\native\argon_block\strong_n100_p1000000_rho0.8442_dt0.0000001_steps500_b2x2x2_C08_SoA_OmpExecutor_hilbert_t45\20260630_011912_strong_rep2
april,native,argon_block,strong,strong_n100_p1000000_rho0.8442_dt0.0000001_steps500_b2x2x2_C08_SoA_OmpExecutor_hilbert_t45,20260630_011912_strong_rep3,2026-06-30T01:36:40+02:00,cm4r15c06s04,100,1000000,0.8442,1e-07,500,2,2,2,C08,SoA,OmpExecutor,hilbert,45,500,500000000,4.23624,4.23613,118.03,118.03,0.008472,0.008279,0.008142,0.009256,0.000326,5.413069,0,results\april\native\argon_block\strong_n100_p1000000_rho0.8442_dt0.0000001_steps500_b2x2x2_C08_SoA_OmpExecutor_hilbert_t45\20260630_011912_strong_rep3
april,native,argon_block,strong,strong_n100_p1000000_rho0.8442_dt0.0000001_steps500_b2x2x2_C08_SoA_OmpExecutor_hilbert_t50,20260630_011912_strong_rep1,2026-06-30T01:24:56+02:00,cm4r15c06s04,100,1000000,0.8442,1e-07,500,2,2,2,C08,SoA,OmpExecutor,hilbert,50,500,500000000,4.02005,4.01985,124.38,124.38,0.00804,0.007867,0.007551,0.009246,0.00042,5.176275,0,results\april\native\argon_block\strong_n100_p1000000_rho0.8442_dt0.0000001_steps500_b2x2x2_C08_SoA_OmpExecutor_hilbert_t50\20260630_011912_strong_rep1
april,native,argon_block,strong,strong_n100_p1000000_rho0.8442_dt0.0000001_steps500_b2x2x2_C08_SoA_OmpExecutor_hilbert_t50,20260630_011912_strong_rep2,2026-06-30T01:30:49+02:00,cm4r15c06s04,100,1000000,0.8442,1e-07,500,2,2,2,C08,SoA,OmpExecutor,hilbert,50,500,500000000,3.98891,3.9888,125.35,125.35,0.007978,0.007817,0.00747,0.009071,0.00043,5.087459,0,results\april\native\argon_block\strong_n100_p1000000_rho0.8442_dt0.0000001_steps500_b2x2x2_C08_SoA_OmpExecutor_hilbert_t50\20260630_011912_strong_rep2
april,native,argon_block,strong,strong_n100_p1000000_rho0.8442_dt0.0000001_steps500_b2x2x2_C08_SoA_OmpExecutor_hilbert_t50,20260630_011912_strong_rep3,2026-06-30T01:36:45+02:00,cm4r15c06s04,100,1000000,0.8442,1e-07,500,2,2,2,C08,SoA,OmpExecutor,hilbert,50,500,500000000,3.99402,3.99391,125.19,125.19,0.007988,0.007851,0.007504,0.009143,0.000393,5.153288,0,results\april\native\argon_block\strong_n100_p1000000_rho0.8442_dt0.0000001_steps500_b2x2x2_C08_SoA_OmpExecutor_hilbert_t50\20260630_011912_strong_rep3
april,native,argon_block,strong,strong_n100_p1000000_rho0.8442_dt0.0000001_steps500_b2x2x2_C08_SoA_OmpExecutor_hilbert_t56,20260630_011912_strong_rep1,2026-06-30T01:25:01+02:00,cm4r15c06s04,100,1000000,0.8442,1e-07,500,2,2,2,C08,SoA,OmpExecutor,hilbert,56,500,500000000,3.90911,3.90902,127.91,127.91,0.007818,0.007616,0.007145,0.009275,0.000507,5.063064,0,results\april\native\argon_block\strong_n100_p1000000_rho0.8442_dt0.0000001_steps500_b2x2x2_C08_SoA_OmpExecutor_hilbert_t56\20260630_011912_strong_rep1
april,native,argon_block,strong,strong_n100_p1000000_rho0.8442_dt0.0000001_steps500_b2x2x2_C08_SoA_OmpExecutor_hilbert_t56,20260630_011912_strong_rep2,2026-06-30T01:30:54+02:00,cm4r15c06s04,100,1000000,0.8442,1e-07,500,2,2,2,C08,SoA,OmpExecutor,hilbert,56,500,500000000,3.89991,3.89979,128.21,128.21,0.0078,0.007535,0.007142,0.009349,0.00054,5.051966,0,results\april\native\argon_block\strong_n100_p1000000_rho0.8442_dt0.0000001_steps500_b2x2x2_C08_SoA_OmpExecutor_hilbert_t56\20260630_011912_strong_rep2
april,native,argon_block,strong,strong_n100_p1000000_rho0.8442_dt0.0000001_steps500_b2x2x2_C08_SoA_OmpExecutor_hilbert_t56,20260630_011912_strong_rep3,2026-06-30T01:36:50+02:00,cm4r15c06s04,100,1000000,0.8442,1e-07,500,2,2,2,C08,SoA,OmpExecutor,hilbert,56,500,500000000,3.92246,3.92234,127.47,127.47,0.007845,0.007645,0.007177,0.009325,0.000523,5.070627,0,results\april\native\argon_block\strong_n100_p1000000_rho0.8442_dt0.0000001_steps500_b2x2x2_C08_SoA_OmpExecutor_hilbert_t56\20260630_011912_strong_rep3
april,native,argon_block,strong,strong_n100_p1000000_rho0.8442_dt0.0000001_steps500_b2x2x2_C08_SoA_OmpExecutor_hilbert_t6,20260630_011912_strong_rep1,2026-06-30T01:23:28+02:00,cm4r15c06s04,100,1000000,0.8442,1e-07,500,2,2,2,C08,SoA,OmpExecutor,hilbert,6,500,500000000,19.08898,19.08882,26.19,26.19,0.038178,0.038138,0.038057,0.046607,0.00042,21.902029,0,results\april\native\argon_block\strong_n100_p1000000_rho0.8442_dt0.0000001_steps500_b2x2x2_C08_SoA_OmpExecutor_hilbert_t6\20260630_011912_strong_rep1
april,native,argon_block,strong,strong_n100_p1000000_rho0.8442_dt0.0000001_steps500_b2x2x2_C08_SoA_OmpExecutor_hilbert_t6,20260630_011912_strong_rep2,2026-06-30T01:29:21+02:00,cm4r15c06s04,100,1000000,0.8442,1e-07,500,2,2,2,C08,SoA,OmpExecutor,hilbert,6,500,500000000,19.10616,19.10602,26.17,26.17,0.038212,0.038167,0.03807,0.047561,0.000466,21.913909,0,results\april\native\argon_block\strong_n100_p1000000_rho0.8442_dt0.0000001_steps500_b2x2x2_C08_SoA_OmpExecutor_hilbert_t6\20260630_011912_strong_rep2
april,native,argon_block,strong,strong_n100_p1000000_rho0.8442_dt0.0000001_steps500_b2x2x2_C08_SoA_OmpExecutor_hilbert_t6,20260630_011912_strong_rep3,2026-06-30T01:35:13+02:00,cm4r15c06s04,100,1000000,0.8442,1e-07,500,2,2,2,C08,SoA,OmpExecutor,hilbert,6,500,500000000,19.08531,19.08523,26.2,26.2,0.03817,0.038124,0.037992,0.046928,0.000445,21.903799,0,results\april\native\argon_block\strong_n100_p1000000_rho0.8442_dt0.0000001_steps500_b2x2x2_C08_SoA_OmpExecutor_hilbert_t6\20260630_011912_strong_rep3
april,native,argon_block,strong,strong_n100_p1000000_rho0.8442_dt0.0000001_steps500_b2x2x2_C08_SoA_OmpExecutor_hilbert_t8,20260630_011912_strong_rep1,2026-06-30T01:23:50+02:00,cm4r15c06s04,100,1000000,0.8442,1e-07,500,2,2,2,C08,SoA,OmpExecutor,hilbert,8,500,500000000,14.7097,14.70956,33.99,33.99,0.029419,0.029385,0.029243,0.037651,0.000436,17.038774,0,results\april\native\argon_block\strong_n100_p1000000_rho0.8442_dt0.0000001_steps500_b2x2x2_C08_SoA_OmpExecutor_hilbert_t8\20260630_011912_strong_rep1
april,native,argon_block,strong,strong_n100_p1000000_rho0.8442_dt0.0000001_steps500_b2x2x2_C08_SoA_OmpExecutor_hilbert_t8,20260630_011912_strong_rep2,2026-06-30T01:29:43+02:00,cm4r15c06s04,100,1000000,0.8442,1e-07,500,2,2,2,C08,SoA,OmpExecutor,hilbert,8,500,500000000,14.68055,14.68043,34.06,34.06,0.029361,0.029312,0.029209,0.03734,0.00044,17.003585,0,results\april\native\argon_block\strong_n100_p1000000_rho0.8442_dt0.0000001_steps500_b2x2x2_C08_SoA_OmpExecutor_hilbert_t8\20260630_011912_strong_rep2
april,native,argon_block,strong,strong_n100_p1000000_rho0.8442_dt0.0000001_steps500_b2x2x2_C08_SoA_OmpExecutor_hilbert_t8,20260630_011912_strong_rep3,2026-06-30T01:35:35+02:00,cm4r15c06s04,100,1000000,0.8442,1e-07,500,2,2,2,C08,SoA,OmpExecutor,hilbert,8,500,500000000,14.91057,14.91049,33.53,33.53,0.029821,0.029779,0.029693,0.036714,0.000362,17.273269,0,results\april\native\argon_block\strong_n100_p1000000_rho0.8442_dt0.0000001_steps500_b2x2x2_C08_SoA_OmpExecutor_hilbert_t8\20260630_011912_strong_rep3
april,native,argon_block,strong,strong_n100_p1000000_rho0.8442_dt0.005_steps500_b2x2x2_C08_SoA_OmpExecutor_hilbert_t1,20260630_004820_strong_rep1,2026-06-30T00:48:20+02:00,cm4r15c06s04,100,1000000,0.8442,0.005,500,2,2,2,C08,SoA,OmpExecutor,hilbert,1,500,500000000,188.46082,188.46057,2.65,2.65,0.376921,0.377669,0.359191,0.385556,0.005474,205.164787,0,results\april\native\argon_block\strong_n100_p1000000_rho0.8442_dt0.005_steps500_b2x2x2_C08_SoA_OmpExecutor_hilbert_t1\20260630_004820_strong_rep1
april,native,argon_block,strong,strong_n100_p1000000_rho0.8442_dt0.005_steps500_b2x2x2_C08_SoA_OmpExecutor_hilbert_t1,20260630_004820_strong_rep2,2026-06-30T00:58:41+02:00,cm4r15c06s04,100,1000000,0.8442,0.005,500,2,2,2,C08,SoA,OmpExecutor,hilbert,1,500,500000000,188.37729,188.37711,2.65,2.65,0.376754,0.377447,0.35838,0.400586,0.005039,205.018589,0,results\april\native\argon_block\strong_n100_p1000000_rho0.8442_dt0.005_steps500_b2x2x2_C08_SoA_OmpExecutor_hilbert_t1\20260630_004820_strong_rep2
april,native,argon_block,strong,strong_n100_p1000000_rho0.8442_dt0.005_steps500_b2x2x2_C08_SoA_OmpExecutor_hilbert_t1,20260630_004820_strong_rep3,2026-06-30T01:08:56+02:00,cm4r15c06s04,100,1000000,0.8442,0.005,500,2,2,2,C08,SoA,OmpExecutor,hilbert,1,500,500000000,188.15893,188.15877,2.66,2.66,0.376318,0.376894,0.359782,0.401016,0.005151,204.787892,0,results\april\native\argon_block\strong_n100_p1000000_rho0.8442_dt0.005_steps500_b2x2x2_C08_SoA_OmpExecutor_hilbert_t1\20260630_004820_strong_rep3
april,native,argon_block,strong,strong_n100_p1000000_rho0.8442_dt0.005_steps500_b2x2x2_C08_SoA_OmpExecutor_hilbert_t11,20260630_004820_strong_rep1,2026-06-30T00:56:49+02:00,cm4r15c06s04,100,1000000,0.8442,0.005,500,2,2,2,C08,SoA,OmpExecutor,hilbert,11,500,500000000,20.25391,20.25375,24.69,24.69,0.040507,0.040353,0.039441,0.050673,0.000831,22.664044,0,results\april\native\argon_block\strong_n100_p1000000_rho0.8442_dt0.005_steps500_b2x2x2_C08_SoA_OmpExecutor_hilbert_t11\20260630_004820_strong_rep1
april,native,argon_block,strong,strong_n100_p1000000_rho0.8442_dt0.005_steps500_b2x2x2_C08_SoA_OmpExecutor_hilbert_t11,20260630_004820_strong_rep2,2026-06-30T01:07:06+02:00,cm4r15c06s04,100,1000000,0.8442,0.005,500,2,2,2,C08,SoA,OmpExecutor,hilbert,11,500,500000000,20.23416,20.23397,24.71,24.71,0.040468,0.040271,0.039458,0.048577,0.000819,22.629177,0,results\april\native\argon_block\strong_n100_p1000000_rho0.8442_dt0.005_steps500_b2x2x2_C08_SoA_OmpExecutor_hilbert_t11\20260630_004820_strong_rep2
april,native,argon_block,strong,strong_n100_p1000000_rho0.8442_dt0.005_steps500_b2x2x2_C08_SoA_OmpExecutor_hilbert_t11,20260630_004820_strong_rep3,2026-06-30T01:17:21+02:00,cm4r15c06s04,100,1000000,0.8442,0.005,500,2,2,2,C08,SoA,OmpExecutor,hilbert,11,500,500000000,20.27787,20.27767,24.66,24.66,0.040555,0.040377,0.039462,0.053541,0.000897,22.6784,0,results\april\native\argon_block\strong_n100_p1000000_rho0.8442_dt0.005_steps500_b2x2x2_C08_SoA_OmpExecutor_hilbert_t11\20260630_004820_strong_rep3
april,native,argon_block,strong,strong_n100_p1000000_rho0.8442_dt0.005_steps500_b2x2x2_C08_SoA_OmpExecutor_hilbert_t16,20260630_004820_strong_rep1,2026-06-30T00:57:11+02:00,cm4r15c06s04,100,1000000,0.8442,0.005,500,2,2,2,C08,SoA,OmpExecutor,hilbert,16,500,500000000,15.30972,15.30956,32.66,32.66,0.030619,0.030336,0.029803,0.042378,0.000952,17.286032,0,results\april\native\argon_block\strong_n100_p1000000_rho0.8442_dt0.005_steps500_b2x2x2_C08_SoA_OmpExecutor_hilbert_t16\20260630_004820_strong_rep1
april,native,argon_block,strong,strong_n100_p1000000_rho0.8442_dt0.005_steps500_b2x2x2_C08_SoA_OmpExecutor_hilbert_t16,20260630_004820_strong_rep2,2026-06-30T01:07:29+02:00,cm4r15c06s04,100,1000000,0.8442,0.005,500,2,2,2,C08,SoA,OmpExecutor,hilbert,16,500,500000000,15.33967,15.3395,32.6,32.6,0.030679,0.030364,0.02987,0.042655,0.000972,17.317421,0,results\april\native\argon_block\strong_n100_p1000000_rho0.8442_dt0.005_steps500_b2x2x2_C08_SoA_OmpExecutor_hilbert_t16\20260630_004820_strong_rep2
april,native,argon_block,strong,strong_n100_p1000000_rho0.8442_dt0.005_steps500_b2x2x2_C08_SoA_OmpExecutor_hilbert_t16,20260630_004820_strong_rep3,2026-06-30T01:17:43+02:00,cm4r15c06s04,100,1000000,0.8442,0.005,500,2,2,2,C08,SoA,OmpExecutor,hilbert,16,500,500000000,15.32648,15.32632,32.62,32.62,0.030653,0.030347,0.029832,0.044956,0.001005,17.305937,0,results\april\native\argon_block\strong_n100_p1000000_rho0.8442_dt0.005_steps500_b2x2x2_C08_SoA_OmpExecutor_hilbert_t16\20260630_004820_strong_rep3
april,native,argon_block,strong,strong_n100_p1000000_rho0.8442_dt0.005_steps500_b2x2x2_C08_SoA_OmpExecutor_hilbert_t2,20260630_004820_strong_rep1,2026-06-30T00:51:45+02:00,cm4r15c06s04,100,1000000,0.8442,0.005,500,2,2,2,C08,SoA,OmpExecutor,hilbert,2,500,500000000,96.39418,96.39398,5.19,5.19,0.192788,0.193285,0.183257,0.203549,0.00254,105.256641,0,results\april\native\argon_block\strong_n100_p1000000_rho0.8442_dt0.005_steps500_b2x2x2_C08_SoA_OmpExecutor_hilbert_t2\20260630_004820_strong_rep1
april,native,argon_block,strong,strong_n100_p1000000_rho0.8442_dt0.005_steps500_b2x2x2_C08_SoA_OmpExecutor_hilbert_t2,20260630_004820_strong_rep2,2026-06-30T01:02:06+02:00,cm4r15c06s04,100,1000000,0.8442,0.005,500,2,2,2,C08,SoA,OmpExecutor,hilbert,2,500,500000000,96.58112,96.58095,5.18,5.18,0.193162,0.193192,0.183882,0.21962,0.0033,105.443513,0,results\april\native\argon_block\strong_n100_p1000000_rho0.8442_dt0.005_steps500_b2x2x2_C08_SoA_OmpExecutor_hilbert_t2\20260630_004820_strong_rep2
april,native,argon_block,strong,strong_n100_p1000000_rho0.8442_dt0.005_steps500_b2x2x2_C08_SoA_OmpExecutor_hilbert_t2,20260630_004820_strong_rep3,2026-06-30T01:12:21+02:00,cm4r15c06s04,100,1000000,0.8442,0.005,500,2,2,2,C08,SoA,OmpExecutor,hilbert,2,500,500000000,96.41242,96.41231,5.19,5.19,0.192825,0.193223,0.183174,0.200427,0.00264,105.304574,0,results\april\native\argon_block\strong_n100_p1000000_rho0.8442_dt0.005_steps500_b2x2x2_C08_SoA_OmpExecutor_hilbert_t2\20260630_004820_strong_rep3
april,native,argon_block,strong,strong_n100_p1000000_rho0.8442_dt0.005_steps500_b2x2x2_C08_SoA_OmpExecutor_hilbert_t23,20260630_004820_strong_rep1,2026-06-30T00:57:29+02:00,cm4r15c06s04,100,1000000,0.8442,0.005,500,2,2,2,C08,SoA,OmpExecutor,hilbert,23,500,500000000,12.23308,12.23291,40.87,40.87,0.024466,0.024541,0.023351,0.034593,0.001012,13.915068,0,results\april\native\argon_block\strong_n100_p1000000_rho0.8442_dt0.005_steps500_b2x2x2_C08_SoA_OmpExecutor_hilbert_t23\20260630_004820_strong_rep1
april,native,argon_block,strong,strong_n100_p1000000_rho0.8442_dt0.005_steps500_b2x2x2_C08_SoA_OmpExecutor_hilbert_t23,20260630_004820_strong_rep2,2026-06-30T01:07:46+02:00,cm4r15c06s04,100,1000000,0.8442,0.005,500,2,2,2,C08,SoA,OmpExecutor,hilbert,23,500,500000000,12.2476,12.24741,40.82,40.82,0.024495,0.024607,0.023342,0.033571,0.001033,13.925546,0,results\april\native\argon_block\strong_n100_p1000000_rho0.8442_dt0.005_steps500_b2x2x2_C08_SoA_OmpExecutor_hilbert_t23\20260630_004820_strong_rep2
april,native,argon_block,strong,strong_n100_p1000000_rho0.8442_dt0.005_steps500_b2x2x2_C08_SoA_OmpExecutor_hilbert_t23,20260630_004820_strong_rep3,2026-06-30T01:18:01+02:00,cm4r15c06s04,100,1000000,0.8442,0.005,500,2,2,2,C08,SoA,OmpExecutor,hilbert,23,500,500000000,12.23369,12.23353,40.87,40.87,0.024467,0.024583,0.023286,0.035084,0.00108,13.956119,0,results\april\native\argon_block\strong_n100_p1000000_rho0.8442_dt0.005_steps500_b2x2x2_C08_SoA_OmpExecutor_hilbert_t23\20260630_004820_strong_rep3
april,native,argon_block,strong,strong_n100_p1000000_rho0.8442_dt0.005_steps500_b2x2x2_C08_SoA_OmpExecutor_hilbert_t3,20260630_004820_strong_rep1,2026-06-30T00:53:30+02:00,cm4r15c06s04,100,1000000,0.8442,0.005,500,2,2,2,C08,SoA,OmpExecutor,hilbert,3,500,500000000,66.08423,66.08407,7.57,7.57,0.132168,0.132512,0.125879,0.155955,0.002205,75.530751,0,results\april\native\argon_block\strong_n100_p1000000_rho0.8442_dt0.005_steps500_b2x2x2_C08_SoA_OmpExecutor_hilbert_t3\20260630_004820_strong_rep1
april,native,argon_block,strong,strong_n100_p1000000_rho0.8442_dt0.005_steps500_b2x2x2_C08_SoA_OmpExecutor_hilbert_t3,20260630_004820_strong_rep2,2026-06-30T01:03:51+02:00,cm4r15c06s04,100,1000000,0.8442,0.005,500,2,2,2,C08,SoA,OmpExecutor,hilbert,3,500,500000000,65.32438,65.32421,7.65,7.65,0.130648,0.130907,0.1243,0.176049,0.002729,71.590706,0,results\april\native\argon_block\strong_n100_p1000000_rho0.8442_dt0.005_steps500_b2x2x2_C08_SoA_OmpExecutor_hilbert_t3\20260630_004820_strong_rep2
april,native,argon_block,strong,strong_n100_p1000000_rho0.8442_dt0.005_steps500_b2x2x2_C08_SoA_OmpExecutor_hilbert_t3,20260630_004820_strong_rep3,2026-06-30T01:14:06+02:00,cm4r15c06s04,100,1000000,0.8442,0.005,500,2,2,2,C08,SoA,OmpExecutor,hilbert,3,500,500000000,65.30802,65.30783,7.66,7.66,0.130616,0.130859,0.123883,0.135388,0.001844,71.565085,0,results\april\native\argon_block\strong_n100_p1000000_rho0.8442_dt0.005_steps500_b2x2x2_C08_SoA_OmpExecutor_hilbert_t3\20260630_004820_strong_rep3
april,native,argon_block,strong,strong_n100_p1000000_rho0.8442_dt0.005_steps500_b2x2x2_C08_SoA_OmpExecutor_hilbert_t32,20260630_004820_strong_rep1,2026-06-30T00:57:43+02:00,cm4r15c06s04,100,1000000,0.8442,0.005,500,2,2,2,C08,SoA,OmpExecutor,hilbert,32,500,500000000,10.61672,10.61659,47.1,47.1,0.021233,0.02151,0.019479,0.032112,0.000886,12.131705,0,results\april\native\argon_block\strong_n100_p1000000_rho0.8442_dt0.005_steps500_b2x2x2_C08_SoA_OmpExecutor_hilbert_t32\20260630_004820_strong_rep1
april,native,argon_block,strong,strong_n100_p1000000_rho0.8442_dt0.005_steps500_b2x2x2_C08_SoA_OmpExecutor_hilbert_t32,20260630_004820_strong_rep2,2026-06-30T01:08:00+02:00,cm4r15c06s04,100,1000000,0.8442,0.005,500,2,2,2,C08,SoA,OmpExecutor,hilbert,32,500,500000000,10.5548,10.55467,47.37,47.37,0.021109,0.02137,0.019259,0.030498,0.000871,12.060289,0,results\april\native\argon_block\strong_n100_p1000000_rho0.8442_dt0.005_steps500_b2x2x2_C08_SoA_OmpExecutor_hilbert_t32\20260630_004820_strong_rep2
april,native,argon_block,strong,strong_n100_p1000000_rho0.8442_dt0.005_steps500_b2x2x2_C08_SoA_OmpExecutor_hilbert_t32,20260630_004820_strong_rep3,2026-06-30T01:18:15+02:00,cm4r15c06s04,100,1000000,0.8442,0.005,500,2,2,2,C08,SoA,OmpExecutor,hilbert,32,500,500000000,10.56114,10.561,47.34,47.34,0.021122,0.021373,0.019256,0.030008,0.000908,12.067573,0,results\april\native\argon_block\strong_n100_p1000000_rho0.8442_dt0.005_steps500_b2x2x2_C08_SoA_OmpExecutor_hilbert_t32\20260630_004820_strong_rep3
april,native,argon_block,strong,strong_n100_p1000000_rho0.8442_dt0.005_steps500_b2x2x2_C08_SoA_OmpExecutor_hilbert_t37,20260630_004820_strong_rep1,2026-06-30T00:57:55+02:00,cm4r15c06s04,100,1000000,0.8442,0.005,500,2,2,2,C08,SoA,OmpExecutor,hilbert,37,500,500000000,10.09162,10.09149,49.55,49.55,0.020183,0.020242,0.019136,0.023626,0.000345,11.534704,0,results\april\native\argon_block\strong_n100_p1000000_rho0.8442_dt0.005_steps500_b2x2x2_C08_SoA_OmpExecutor_hilbert_t37\20260630_004820_strong_rep1
april,native,argon_block,strong,strong_n100_p1000000_rho0.8442_dt0.005_steps500_b2x2x2_C08_SoA_OmpExecutor_hilbert_t37,20260630_004820_strong_rep2,2026-06-30T01:08:13+02:00,cm4r15c06s04,100,1000000,0.8442,0.005,500,2,2,2,C08,SoA,OmpExecutor,hilbert,37,500,500000000,9.14623,9.14613,54.67,54.67,0.018292,0.018275,0.017791,0.019007,0.000205,10.48515,0,results\april\native\argon_block\strong_n100_p1000000_rho0.8442_dt0.005_steps500_b2x2x2_C08_SoA_OmpExecutor_hilbert_t37\20260630_004820_strong_rep2
april,native,argon_block,strong,strong_n100_p1000000_rho0.8442_dt0.005_steps500_b2x2x2_C08_SoA_OmpExecutor_hilbert_t37,20260630_004820_strong_rep3,2026-06-30T01:18:27+02:00,cm4r15c06s04,100,1000000,0.8442,0.005,500,2,2,2,C08,SoA,OmpExecutor,hilbert,37,500,500000000,10.07765,10.07746,49.62,49.62,0.020155,0.020213,0.019055,0.024027,0.000364,11.515077,0,results\april\native\argon_block\strong_n100_p1000000_rho0.8442_dt0.005_steps500_b2x2x2_C08_SoA_OmpExecutor_hilbert_t37\20260630_004820_strong_rep3
april,native,argon_block,strong,strong_n100_p1000000_rho0.8442_dt0.005_steps500_b2x2x2_C08_SoA_OmpExecutor_hilbert_t4,20260630_004820_strong_rep1,2026-06-30T00:54:46+02:00,cm4r15c06s04,100,1000000,0.8442,0.005,500,2,2,2,C08,SoA,OmpExecutor,hilbert,4,500,500000000,49.86887,49.86873,10.03,10.03,0.099737,0.099803,0.094796,0.103599,0.001417,55.048534,0,results\april\native\argon_block\strong_n100_p1000000_rho0.8442_dt0.005_steps500_b2x2x2_C08_SoA_OmpExecutor_hilbert_t4\20260630_004820_strong_rep1
april,native,argon_block,strong,strong_n100_p1000000_rho0.8442_dt0.005_steps500_b2x2x2_C08_SoA_OmpExecutor_hilbert_t4,20260630_004820_strong_rep2,2026-06-30T01:05:03+02:00,cm4r15c06s04,100,1000000,0.8442,0.005,500,2,2,2,C08,SoA,OmpExecutor,hilbert,4,500,500000000,50.08895,50.08873,9.98,9.98,0.100177,0.10024,0.095148,0.104154,0.001427,54.871339,0,results\april\native\argon_block\strong_n100_p1000000_rho0.8442_dt0.005_steps500_b2x2x2_C08_SoA_OmpExecutor_hilbert_t4\20260630_004820_strong_rep2
april,native,argon_block,strong,strong_n100_p1000000_rho0.8442_dt0.005_steps500_b2x2x2_C08_SoA_OmpExecutor_hilbert_t4,20260630_004820_strong_rep3,2026-06-30T01:15:18+02:00,cm4r15c06s04,100,1000000,0.8442,0.005,500,2,2,2,C08,SoA,OmpExecutor,hilbert,4,500,500000000,49.99193,49.99172,10.0,10.0,0.099983,0.100103,0.094979,0.104759,0.001439,54.771814,0,results\april\native\argon_block\strong_n100_p1000000_rho0.8442_dt0.005_steps500_b2x2x2_C08_SoA_OmpExecutor_hilbert_t4\20260630_004820_strong_rep3
april,native,argon_block,strong,strong_n100_p1000000_rho0.8442_dt0.005_steps500_b2x2x2_C08_SoA_OmpExecutor_hilbert_t45,20260630_004820_strong_rep1,2026-06-30T00:58:07+02:00,cm4r15c06s04,100,1000000,0.8442,0.005,500,2,2,2,C08,SoA,OmpExecutor,hilbert,45,500,500000000,9.84109,9.841,50.81,50.81,0.019682,0.019676,0.019177,0.020441,0.000168,11.217208,0,results\april\native\argon_block\strong_n100_p1000000_rho0.8442_dt0.005_steps500_b2x2x2_C08_SoA_OmpExecutor_hilbert_t45\20260630_004820_strong_rep1
april,native,argon_block,strong,strong_n100_p1000000_rho0.8442_dt0.005_steps500_b2x2x2_C08_SoA_OmpExecutor_hilbert_t45,20260630_004820_strong_rep2,2026-06-30T01:08:23+02:00,cm4r15c06s04,100,1000000,0.8442,0.005,500,2,2,2,C08,SoA,OmpExecutor,hilbert,45,500,500000000,9.88953,9.88941,50.56,50.56,0.019779,0.01976,0.019155,0.020563,0.000178,11.260922,0,results\april\native\argon_block\strong_n100_p1000000_rho0.8442_dt0.005_steps500_b2x2x2_C08_SoA_OmpExecutor_hilbert_t45\20260630_004820_strong_rep2
april,native,argon_block,strong,strong_n100_p1000000_rho0.8442_dt0.005_steps500_b2x2x2_C08_SoA_OmpExecutor_hilbert_t45,20260630_004820_strong_rep3,2026-06-30T01:18:39+02:00,cm4r15c06s04,100,1000000,0.8442,0.005,500,2,2,2,C08,SoA,OmpExecutor,hilbert,45,500,500000000,9.83626,9.83611,50.83,50.83,0.019672,0.01968,0.019186,0.020245,0.000158,11.211711,0,results\april\native\argon_block\strong_n100_p1000000_rho0.8442_dt0.005_steps500_b2x2x2_C08_SoA_OmpExecutor_hilbert_t45\20260630_004820_strong_rep3
april,native,argon_block,strong,strong_n100_p1000000_rho0.8442_dt0.005_steps500_b2x2x2_C08_SoA_OmpExecutor_hilbert_t50,20260630_004820_strong_rep1,2026-06-30T00:58:18+02:00,cm4r15c06s04,100,1000000,0.8442,0.005,500,2,2,2,C08,SoA,OmpExecutor,hilbert,50,500,500000000,9.57415,9.57404,52.22,52.22,0.019148,0.019139,0.018522,0.019916,0.00018,10.923063,0,results\april\native\argon_block\strong_n100_p1000000_rho0.8442_dt0.005_steps500_b2x2x2_C08_SoA_OmpExecutor_hilbert_t50\20260630_004820_strong_rep1
april,native,argon_block,strong,strong_n100_p1000000_rho0.8442_dt0.005_steps500_b2x2x2_C08_SoA_OmpExecutor_hilbert_t50,20260630_004820_strong_rep2,2026-06-30T01:08:35+02:00,cm4r15c06s04,100,1000000,0.8442,0.005,500,2,2,2,C08,SoA,OmpExecutor,hilbert,50,500,500000000,9.53661,9.53642,52.43,52.43,0.019073,0.019051,0.018516,0.020663,0.000198,10.889572,0,results\april\native\argon_block\strong_n100_p1000000_rho0.8442_dt0.005_steps500_b2x2x2_C08_SoA_OmpExecutor_hilbert_t50\20260630_004820_strong_rep2
april,native,argon_block,strong,strong_n100_p1000000_rho0.8442_dt0.005_steps500_b2x2x2_C08_SoA_OmpExecutor_hilbert_t50,20260630_004820_strong_rep3,2026-06-30T01:18:50+02:00,cm4r15c06s04,100,1000000,0.8442,0.005,500,2,2,2,C08,SoA,OmpExecutor,hilbert,50,500,500000000,9.61267,9.61253,52.02,52.02,0.019225,0.019191,0.01845,0.020493,0.000239,10.963023,0,results\april\native\argon_block\strong_n100_p1000000_rho0.8442_dt0.005_steps500_b2x2x2_C08_SoA_OmpExecutor_hilbert_t50\20260630_004820_strong_rep3
april,native,argon_block,strong,strong_n100_p1000000_rho0.8442_dt0.005_steps500_b2x2x2_C08_SoA_OmpExecutor_hilbert_t56,20260630_004820_strong_rep1,2026-06-30T00:58:29+02:00,cm4r15c06s04,100,1000000,0.8442,0.005,500,2,2,2,C08,SoA,OmpExecutor,hilbert,56,500,500000000,9.9674,9.96723,50.16,50.16,0.019934,0.019925,0.018519,0.023787,0.000859,11.309461,0,results\april\native\argon_block\strong_n100_p1000000_rho0.8442_dt0.005_steps500_b2x2x2_C08_SoA_OmpExecutor_hilbert_t56\20260630_004820_strong_rep1
april,native,argon_block,strong,strong_n100_p1000000_rho0.8442_dt0.005_steps500_b2x2x2_C08_SoA_OmpExecutor_hilbert_t56,20260630_004820_strong_rep2,2026-06-30T01:08:46+02:00,cm4r15c06s04,100,1000000,0.8442,0.005,500,2,2,2,C08,SoA,OmpExecutor,hilbert,56,500,500000000,8.98363,8.98346,55.66,55.66,0.017967,0.017953,0.016841,0.01983,0.000406,10.272383,0,results\april\native\argon_block\strong_n100_p1000000_rho0.8442_dt0.005_steps500_b2x2x2_C08_SoA_OmpExecutor_hilbert_t56\20260630_004820_strong_rep2
april,native,argon_block,strong,strong_n100_p1000000_rho0.8442_dt0.005_steps500_b2x2x2_C08_SoA_OmpExecutor_hilbert_t56,20260630_004820_strong_rep3,2026-06-30T01:19:01+02:00,cm4r15c06s04,100,1000000,0.8442,0.005,500,2,2,2,C08,SoA,OmpExecutor,hilbert,56,500,500000000,9.96568,9.96552,50.17,50.17,0.019931,0.019964,0.018545,0.023628,0.000805,11.312359,0,results\april\native\argon_block\strong_n100_p1000000_rho0.8442_dt0.005_steps500_b2x2x2_C08_SoA_OmpExecutor_hilbert_t56\20260630_004820_strong_rep3
april,native,argon_block,strong,strong_n100_p1000000_rho0.8442_dt0.005_steps500_b2x2x2_C08_SoA_OmpExecutor_hilbert_t6,20260630_004820_strong_rep1,2026-06-30T00:55:41+02:00,cm4r15c06s04,100,1000000,0.8442,0.005,500,2,2,2,C08,SoA,OmpExecutor,hilbert,6,500,500000000,34.15318,34.153,14.64,14.64,0.068306,0.06829,0.065196,0.093204,0.00157,37.755756,0,results\april\native\argon_block\strong_n100_p1000000_rho0.8442_dt0.005_steps500_b2x2x2_C08_SoA_OmpExecutor_hilbert_t6\20260630_004820_strong_rep1
april,native,argon_block,strong,strong_n100_p1000000_rho0.8442_dt0.005_steps500_b2x2x2_C08_SoA_OmpExecutor_hilbert_t6,20260630_004820_strong_rep2,2026-06-30T01:05:58+02:00,cm4r15c06s04,100,1000000,0.8442,0.005,500,2,2,2,C08,SoA,OmpExecutor,hilbert,6,500,500000000,34.71437,34.71427,14.4,14.4,0.069429,0.069606,0.066348,0.088794,0.001237,38.36184,0,results\april\native\argon_block\strong_n100_p1000000_rho0.8442_dt0.005_steps500_b2x2x2_C08_SoA_OmpExecutor_hilbert_t6\20260630_004820_strong_rep2
april,native,argon_block,strong,strong_n100_p1000000_rho0.8442_dt0.005_steps500_b2x2x2_C08_SoA_OmpExecutor_hilbert_t6,20260630_004820_strong_rep3,2026-06-30T01:16:13+02:00,cm4r15c06s04,100,1000000,0.8442,0.005,500,2,2,2,C08,SoA,OmpExecutor,hilbert,6,500,500000000,34.24839,34.2482,14.6,14.6,0.068496,0.068582,0.065362,0.077284,0.001058,37.845182,0,results\april\native\argon_block\strong_n100_p1000000_rho0.8442_dt0.005_steps500_b2x2x2_C08_SoA_OmpExecutor_hilbert_t6\20260630_004820_strong_rep3
april,native,argon_block,strong,strong_n100_p1000000_rho0.8442_dt0.005_steps500_b2x2x2_C08_SoA_OmpExecutor_hilbert_t8,20260630_004820_strong_rep1,2026-06-30T00:56:19+02:00,cm4r15c06s04,100,1000000,0.8442,0.005,500,2,2,2,C08,SoA,OmpExecutor,hilbert,8,500,500000000,26.46153,26.46139,18.9,18.9,0.052923,0.052734,0.051323,0.076631,0.001483,29.411993,0,results\april\native\argon_block\strong_n100_p1000000_rho0.8442_dt0.005_steps500_b2x2x2_C08_SoA_OmpExecutor_hilbert_t8\20260630_004820_strong_rep1
april,native,argon_block,strong,strong_n100_p1000000_rho0.8442_dt0.005_steps500_b2x2x2_C08_SoA_OmpExecutor_hilbert_t8,20260630_004820_strong_rep2,2026-06-30T01:06:37+02:00,cm4r15c06s04,100,1000000,0.8442,0.005,500,2,2,2,C08,SoA,OmpExecutor,hilbert,8,500,500000000,26.45255,26.45232,18.9,18.9,0.052905,0.052847,0.051333,0.068511,0.00108,29.391478,0,results\april\native\argon_block\strong_n100_p1000000_rho0.8442_dt0.005_steps500_b2x2x2_C08_SoA_OmpExecutor_hilbert_t8\20260630_004820_strong_rep2
april,native,argon_block,strong,strong_n100_p1000000_rho0.8442_dt0.005_steps500_b2x2x2_C08_SoA_OmpExecutor_hilbert_t8,20260630_004820_strong_rep3,2026-06-30T01:16:51+02:00,cm4r15c06s04,100,1000000,0.8442,0.005,500,2,2,2,C08,SoA,OmpExecutor,hilbert,8,500,500000000,26.49127,26.49111,18.87,18.87,0.052982,0.052927,0.051293,0.069162,0.001067,29.427722,0,results\april\native\argon_block\strong_n100_p1000000_rho0.8442_dt0.005_steps500_b2x2x2_C08_SoA_OmpExecutor_hilbert_t8\20260630_004820_strong_rep3
